parte,estructura,metodo,n,promedio_ns,mediana_ns,minimo_ns,maximo_ns,repeticiones,promedio_us
crecimiento,Duplicar (x2),Enqueue total,10,132.0000,130.5000,119,150,10,0.1320
crecimiento,Duplicar (x2),Enqueue total,100,638.1250,532.5000,449,1179,10,0.6381
crecimiento,Duplicar (x2),Enqueue total,1000,4780.7500,4758.0000,4310,5748,10,4.7808
crecimiento,Duplicar (x2),Enqueue total,10000,60699.5000,52883.5000,49010,255916,10,60.6995
crecimiento,Duplicar (x2),Enqueue total,100000,454391.2500,449305.5000,435086,490341,10,454.3913
crecimiento,Duplicar (x2),Enqueue total,1000000,4432680.7500,4461010.5000,4020802,4787900,4,4432.6808
crecimiento,Duplicar (x2),Enqueue total,10000000,52584547.6667,52431099.0000,51608485,53714059,3,52584.5477
crecimiento,Duplicar (x2),Enqueue total,100000000,630169395.3333,606020834.0000,592213679,692273673,3,630169.3953
crecimiento,Duplicar (x2),Push con redimension,10,113.1250,112.5000,110,135,10,0.1131
crecimiento,Duplicar (x2),Push con redimension,100,261.2500,244.5000,215,547,10,0.2612
crecimiento,Duplicar (x2),Push con redimension,1000,1335.7500,1327.0000,1154,1629,10,1.3357
crecimiento,Duplicar (x2),Push con redimension,10000,14221.7500,13992.5000,13605,16287,10,14.2218
crecimiento,Duplicar (x2),Push con redimension,100000,141320.5000,140588.5000,137567,147470,10,141.3205
crecimiento,Duplicar (x2),Push con redimension,1000000,1412159.7500,1409276.5000,1336700,1493386,4,1412.1598
crecimiento,Duplicar (x2),Push con redimension,10000000,21045471.0000,22082830.0000,18302546,22751037,3,21045.4710
crecimiento,Duplicar (x2),Push con redimension,100000000,162794856.6667,149599452.0000,149145336,189639782,3,162794.8567
crecimiento,Duplicar (x2),Push total,10,131.6250,126.0000,119,157,10,0.1316
crecimiento,Duplicar (x2),Push total,100,615.5000,556.5000,459,1206,10,0.6155
crecimiento,Duplicar (x2),Push total,1000,4676.7500,4709.0000,4226,5141,10,4.6768
crecimiento,Duplicar (x2),Push total,10000,50771.5000,50430.0000,47765,92362,10,50.7715
crecimiento,Duplicar (x2),Push total,100000,450439.2500,446975.5000,431228,503337,10,450.4393
crecimiento,Duplicar (x2),Push total,1000000,4458961.7500,4519152.5000,4200015,4597527,4,4458.9618
crecimiento,Duplicar (x2),Push total,10000000,52720769.0000,52686734.0000,52094895,53380678,3,52720.7690
crecimiento,Duplicar (x2),Push total,100000000,587540936.0000,590361123.0000,570550800,601710885,3,587540.9360
crecimiento,Incremento fijo (+1000),Push total,10,760.2500,710.0000,588,1022,10,0.7602
crecimiento,Incremento fijo (+1000),Push total,100,1060.7500,1044.0000,901,1361,10,1.0608
crecimiento,Incremento fijo (+1000),Push total,1000,3444.5000,3334.5000,3072,4824,10,3.4445
crecimiento,Incremento fijo (+1000),Push total,10000,69004.7500,67171.0000,65397,103872,10,69.0048
crecimiento,Incremento fijo (+1000),Push total,100000,4303091.3750,4304678.5000,4228502,4352472,10,4303.0914
crecimiento,Incremento fijo (+1000),Push total,1000000,423563203.0000,428803907.0000,400509811,436135187,4,423563.2030
lista,DLL con cola,AddAfter,10,120.4500,120.0000,118,2298,50,0.1205
lista,DLL con cola,AddAfter,100,117.6750,118.0000,115,138,50,0.1177
lista,DLL con cola,AddAfter,1000,187.5000,184.5000,152,668,50,0.1875
lista,DLL con cola,AddAfter,10000,342.6250,259.5000,149,396150,50,0.3426
lista,DLL con cola,AddAfter,100000,2543.3250,2465.5000,739,24703,50,2.5433
lista,DLL con cola,AddAfter,1000000,3861.6875,3716.5000,2501,4730,20,3.8617
lista,DLL con cola,AddAfter,10000000,17250.0000,13245.0000,3148,58021,10,17.2500
lista,DLL con cola,AddAfter,100000000,4312.8000,4280.0000,3926,4872,5,4.3128
lista,DLL con cola,AddBefore,10,124.1750,123.5000,120,2918,50,0.1242
lista,DLL con cola,AddBefore,100,97.6500,98.0000,95,222,50,0.0977
lista,DLL con cola,AddBefore,1000,147.6250,138.5000,116,2323,50,0.1476
lista,DLL con cola,AddBefore,10000,150.6250,138.5000,94,238085,50,0.1506
lista,DLL con cola,AddBefore,100000,581.6500,569.0000,277,1091,50,0.5817
lista,DLL con cola,AddBefore,1000000,1030.8125,1032.0000,943,1136,20,1.0308
lista,DLL con cola,AddBefore,10000000,3278.6250,3326.0000,2672,4142,10,3.2786
lista,DLL con cola,AddBefore,100000000,3702.6000,3858.0000,3372,3983,5,3.7026
lista,DLL con cola,Empty,10,76.6000,76.5000,75,402,50,0.0766
lista,DLL con cola,Empty,100,76.1250,76.0000,74,96,50,0.0761
lista,DLL con cola,Empty,1000,75.5500,75.0000,74,80,50,0.0755
lista,DLL con cola,Empty,10000,57.8000,53.0000,51,156127,50,0.0578
lista,DLL con cola,Empty,100000,52.2500,52.0000,50,55,50,0.0522
lista,DLL con cola,Empty,1000000,49.3750,50.0000,48,51,20,0.0494
lista,DLL con cola,Empty,10000000,48.5000,48.5000,48,50,10,0.0485
lista,DLL con cola,Empty,100000000,54.0000,49.0000,48,74,5,0.0540
lista,DLL con cola,Erase,10,138.5750,138.5000,137,4681,50,0.1386
lista,DLL con cola,Erase,100,399.3750,399.0000,395,436,50,0.3994
lista,DLL con cola,Erase,1000,3249.4250,3226.0000,3192,11677,50,3.2494
lista,DLL con cola,Erase,10000,41420.1250,40444.0000,40170,335454,50,41.4201
lista,DLL con cola,Erase,100000,464928.5500,464227.0000,423347,933742,50,464.9285
lista,DLL con cola,Erase,1000000,4447222.5625,4457604.0000,4365746,4691183,20,4447.2226
lista,DLL con cola,Erase,10000000,72049235.7500,71558197.0000,68350191,75667172,10,72049.2358
lista,DLL con cola,Erase,100000000,949246851.0000,950926583.0000,930841359,964552748,5,949246.8510
lista,DLL con cola,Find,10,77.7000,77.5000,72,111,50,0.0777
lista,DLL con cola,Find,100,328.7000,329.0000,324,396,50,0.3287
lista,DLL con cola,Find,1000,3009.2000,3009.0000,2967,5884,50,3.0092
lista,DLL con cola,Find,10000,40809.0250,40593.5000,40478,64043,50,40.8090
lista,DLL con cola,Find,100000,451327.2750,451208.0000,423088,590404,50,451.3273
lista,DLL con cola,Find,1000000,4579925.4375,4551790.5000,4435311,4947582,20,4579.9254
lista,DLL con cola,Find,10000000,69953504.7500,70104714.0000,68380648,73190925,10,69953.5047
lista,DLL con cola,Find,100000000,935984687.6000,931042049.0000,922697769,963679766,5,935984.6876
lista,DLL con cola,PopBack,10,50.1250,50.0000,48,74,50,0.0501
lista,DLL con cola,PopBack,100,48.9500,49.0000,47,54,50,0.0490
lista,DLL con cola,PopBack,1000,49.5500,49.0000,47,71,50,0.0495
lista,DLL con cola,PopBack,10000,49.0000,49.0000,47,71,50,0.0490
lista,DLL con cola,PopBack,100000,49.0000,49.0000,48,72,50,0.0490
lista,DLL con cola,PopBack,1000000,45.3125,45.0000,43,46,20,0.0453
lista,DLL con cola,PopBack,10000000,44.7500,45.0000,43,45,10,0.0447
lista,DLL con cola,PopBack,100000000,44.4000,44.0000,44,45,5,0.0444
lista,DLL con cola,PopFront,10,48.5250,49.0000,47,51,50,0.0485
lista,DLL con cola,PopFront,100,49.3500,49.0000,47,52,50,0.0493
lista,DLL con cola,PopFront,1000,49.0000,49.0000,47,59,50,0.0490
lista,DLL con cola,PopFront,10000,48.7000,49.0000,47,51,50,0.0487
lista,DLL con cola,PopFront,100000,61.0750,60.0000,50,100,50,0.0611
lista,DLL con cola,PopFront,1000000,44.8750,45.0000,44,46,20,0.0449
lista,DLL con cola,PopFront,10000000,46.5000,46.0000,44,8818,10,0.0465
lista,DLL con cola,PopFront,100000000,45.8000,46.0000,45,47,5,0.0458
lista,DLL con cola,PushBack,10,46.6750,47.0000,45,48,50,0.0467
lista,DLL con cola,PushBack,100,46.7750,47.0000,45,48,50,0.0468
lista,DLL con cola,PushBack,1000,46.8250,47.0000,46,48,50,0.0468
lista,DLL con cola,PushBack,10000,47.1000,47.0000,45,63,50,0.0471
lista,DLL con cola,PushBack,100000,47.2250,47.0000,45,50,50,0.0472
lista,DLL con cola,PushBack,1000000,45.5625,46.0000,45,46,20,0.0456
lista,DLL con cola,PushBack,10000000,45.5000,45.5000,44,68,10,0.0455
lista,DLL con cola,PushBack,100000000,46.0000,45.0000,45,50,5,0.0460
lista,DLL con cola,PushFront,10,44.4500,44.0000,43,46,50,0.0445
lista,DLL con cola,PushFront,100,45.0500,45.0000,42,48,50,0.0450
lista,DLL con cola,PushFront,1000,45.0500,45.0000,43,46,50,0.0450
lista,DLL con cola,PushFront,10000,44.4250,44.0000,43,47,50,0.0444
lista,DLL con cola,PushFront,100000,38.9750,39.0000,37,61,50,0.0390
lista,DLL con cola,PushFront,1000000,42.7500,43.0000,42,44,20,0.0428
lista,DLL con cola,PushFront,10000000,42.5000,42.5000,42,44,10,0.0425
lista,DLL con cola,PushFront,100000000,41.8000,42.0000,41,42,5,0.0418
lista,DLL con cola,Size,10,52.9500,53.0000,52,55,50,0.0530
lista,DLL con cola,Size,100,52.9750,53.0000,51,70,50,0.0530
lista,DLL con cola,Size,1000,56.9000,56.5000,55,64,50,0.0569
lista,DLL con cola,Size,10000,57.3500,57.0000,55,12045,50,0.0573
lista,DLL con cola,Size,100000,53.1000,53.0000,52,69,50,0.0531
lista,DLL con cola,Size,1000000,50.1250,50.0000,49,51,20,0.0501
lista,DLL con cola,Size,10000000,49.2500,49.0000,49,50,10,0.0493
lista,DLL con cola,Size,100000000,50.6000,51.0000,49,52,5,0.0506
lista,DLL con cola,TopBack,10,52.0750,52.0000,51,54,50,0.0521
lista,DLL con cola,TopBack,100,52.0000,52.0000,51,72,50,0.0520
lista,DLL con cola,TopBack,1000,52.2000,52.0000,50,2378,50,0.0522
lista,DLL con cola,TopBack,10000,52.2750,52.0000,51,75,50,0.0523
lista,DLL con cola,TopBack,100000,51.8500,52.0000,51,71,50,0.0519
lista,DLL con cola,TopBack,1000000,50.1250,50.0000,49,51,20,0.0501
lista,DLL con cola,TopBack,10000000,49.7500,50.0000,49,50,10,0.0498
lista,DLL con cola,TopBack,100000000,50.6000,50.0000,50,52,5,0.0506
lista,DLL con cola,TopFront,10,51.7000,52.0000,50,54,50,0.0517
lista,DLL con cola,TopFront,100,52.0000,52.0000,51,73,50,0.0520
lista,DLL con cola,TopFront,1000,52.0000,52.0000,51,53,50,0.0520
lista,DLL con cola,TopFront,10000,52.0250,52.0000,50,66,50,0.0520
lista,DLL con cola,TopFront,100000,52.0250,52.0000,50,54,50,0.0520
lista,DLL con cola,TopFront,1000000,50.3125,50.0000,49,52,20,0.0503
lista,DLL con cola,TopFront,10000000,50.0000,50.0000,48,51,10,0.0500
lista,DLL con cola,TopFront,100000000,50.0000,50.0000,49,52,5,0.0500
lista,DLL sin cola,AddAfter,10,193.3750,193.0000,130,29645,50,0.1934
lista,DLL sin cola,AddAfter,100,47.4250,47.0000,46,152,50,0.0474
lista,DLL sin cola,AddAfter,1000,83.3500,81.5000,49,1406,50,0.0833
lista,DLL sin cola,AddAfter,10000,161.1250,159.0000,117,311,50,0.1611
lista,DLL sin cola,AddAfter,100000,762.8500,755.5000,496,1342,50,0.7629
lista,DLL sin cola,AddAfter,1000000,1328.5625,1316.5000,1097,1625,20,1.3286
lista,DLL sin cola,AddAfter,10000000,2871.7500,2859.0000,2415,3371,10,2.8718
lista,DLL sin cola,AddAfter,100000000,3047.2000,2983.0000,2645,3548,5,3.0472
lista,DLL sin cola,AddBefore,10,172.7500,173.0000,140,25012,50,0.1727
lista,DLL sin cola,AddBefore,100,48.0500,48.0000,46,68,50,0.0480
lista,DLL sin cola,AddBefore,1000,87.5000,84.0000,56,131,50,0.0875
lista,DLL sin cola,AddBefore,10000,152.1000,144.5000,118,458,50,0.1521
lista,DLL sin cola,AddBefore,100000,612.9250,559.0000,465,6271,50,0.6129
lista,DLL sin cola,AddBefore,1000000,1413.0625,1371.0000,1203,2356,20,1.4131
lista,DLL sin cola,AddBefore,10000000,2809.7500,2682.5000,2469,3810,10,2.8098
lista,DLL sin cola,AddBefore,100000000,3157.4000,3216.0000,2834,3550,5,3.1574
lista,DLL sin cola,Empty,10,88.4000,88.0000,75,9558,50,0.0884
lista,DLL sin cola,Empty,100,52.0250,52.0000,51,53,50,0.0520
lista,DLL sin cola,Empty,1000,50.6250,51.0000,50,53,50,0.0506
lista,DLL sin cola,Empty,10000,52.2250,52.0000,51,54,50,0.0522
lista,DLL sin cola,Empty,100000,51.9250,52.0000,51,8242,50,0.0519
lista,DLL sin cola,Empty,1000000,48.9375,49.0000,48,58,20,0.0489
lista,DLL sin cola,Empty,10000000,48.8750,49.0000,48,50,10,0.0489
lista,DLL sin cola,Empty,100000000,52.2000,50.0000,48,62,5,0.0522
lista,DLL sin cola,Erase,10,195.7000,193.5000,156,27633,50,0.1957
lista,DLL sin cola,Erase,100,342.5000,342.5000,339,347,50,0.3425
lista,DLL sin cola,Erase,1000,2859.5500,2856.0000,2841,20146,50,2.8596
lista,DLL sin cola,Erase,10000,43589.3750,44071.0000,40559,66963,50,43.5894
lista,DLL sin cola,Erase,100000,485807.6000,485277.5000,425584,603593,50,485.8076
lista,DLL sin cola,Erase,1000000,4659242.2500,4643578.5000,4406454,4962257,20,4659.2423
lista,DLL sin cola,Erase,10000000,76156006.2500,75523184.0000,73332198,104957103,10,76156.0063
lista,DLL sin cola,Erase,100000000,788776671.0000,782062036.0000,736715800,846424176,5,788776.6710
lista,DLL sin cola,Find,10,100.6750,101.0000,79,126,50,0.1007
lista,DLL sin cola,Find,100,329.2250,329.0000,326,355,50,0.3292
lista,DLL sin cola,Find,1000,3561.3500,2991.5000,2932,6159,50,3.5614
lista,DLL sin cola,Find,10000,43404.9750,43549.5000,40533,59331,50,43.4050
lista,DLL sin cola,Find,100000,486409.3250,485299.5000,422192,880138,50,486.4093
lista,DLL sin cola,Find,1000000,4986431.8750,4746194.0000,4508759,5738807,20,4986.4319
lista,DLL sin cola,Find,10000000,76445168.0000,76451288.5000,71083026,85874922,10,76445.1680
lista,DLL sin cola,Find,100000000,757306615.4000,753101302.0000,739217696,786415541,5,757306.6154
lista,DLL sin cola,PopBack,10,74.9750,75.0000,62,112,50,0.0750
lista,DLL sin cola,PopBack,100,215.7250,216.0000,214,257,50,0.2157
lista,DLL sin cola,PopBack,1000,1780.4500,1780.0000,1777,1811,50,1.7805
lista,DLL sin cola,PopBack,10000,18134.9250,18066.0000,17430,35087,50,18.1349
lista,DLL sin cola,PopBack,100000,195393.6750,192793.5000,183243,230910,50,195.3937
lista,DLL sin cola,PopBack,1000000,2231572.6250,2212509.0000,2139397,3399420,20,2231.5726
lista,DLL sin cola,PopBack,10000000,58663795.2500,57918952.5000,54429275,63739865,10,58663.7953
lista,DLL sin cola,PopBack,100000000,580339916.6000,573148029.0000,561416783,618546043,5,580339.9166
lista,DLL sin cola,PopFront,10,57.8500,56.5000,47,81,50,0.0578
lista,DLL sin cola,PopFront,100,46.4250,46.0000,45,50,50,0.0464
lista,DLL sin cola,PopFront,1000,60.0000,59.0000,48,96,50,0.0600
lista,DLL sin cola,PopFront,10000,46.3750,46.0000,45,48,50,0.0464
lista,DLL sin cola,PopFront,100000,46.5000,46.5000,45,49,50,0.0465
lista,DLL sin cola,PopFront,1000000,44.4375,44.0000,43,45,20,0.0444
lista,DLL sin cola,PopFront,10000000,45.3750,44.0000,43,9957,10,0.0454
lista,DLL sin cola,PopFront,100000000,47.8000,44.0000,44,62,5,0.0478
lista,DLL sin cola,PushBack,10,75.6000,77.0000,62,152,50,0.0756
lista,DLL sin cola,PushBack,100,212.1000,212.0000,210,250,50,0.2121
lista,DLL sin cola,PushBack,1000,1843.1250,1859.0000,1774,25444,50,1.8431
lista,DLL sin cola,PushBack,10000,17944.7500,17799.0000,17366,24418,50,17.9447
lista,DLL sin cola,PushBack,100000,206536.1000,205438.0000,183665,292796,50,206.5361
lista,DLL sin cola,PushBack,1000000,2194218.1250,2166878.0000,2089355,2603461,20,2194.2181
lista,DLL sin cola,PushBack,10000000,56374294.8750,56362728.5000,53864543,61044179,10,56374.2949
lista,DLL sin cola,PushBack,100000000,596020562.2000,599722197.0000,567556848,622212599,5,596020.5622
lista,DLL sin cola,PushFront,10,59.9750,58.0000,45,225,50,0.0600
lista,DLL sin cola,PushFront,100,44.7500,45.0000,43,264,50,0.0447
lista,DLL sin cola,PushFront,1000,54.0750,51.5000,44,391,50,0.0541
lista,DLL sin cola,PushFront,10000,45.0500,45.0000,44,46,50,0.0450
lista,DLL sin cola,PushFront,100000,56.9500,54.0000,47,157,50,0.0570
lista,DLL sin cola,PushFront,1000000,42.5000,42.5000,41,44,20,0.0425
lista,DLL sin cola,PushFront,10000000,42.3750,42.0000,42,43,10,0.0424
lista,DLL sin cola,PushFront,100000000,44.0000,42.0000,42,51,5,0.0440
lista,DLL sin cola,Size,10,60.2000,60.0000,54,748,50,0.0602
lista,DLL sin cola,Size,100,53.3500,53.0000,52,74,50,0.0534
lista,DLL sin cola,Size,1000,56.8500,56.0000,54,76,50,0.0569
lista,DLL sin cola,Size,10000,57.0250,57.0000,54,173,50,0.0570
lista,DLL sin cola,Size,100000,54.0000,54.0000,53,75,50,0.0540
lista,DLL sin cola,Size,1000000,50.0625,50.0000,48,51,20,0.0501
lista,DLL sin cola,Size,10000000,50.2500,50.0000,49,51,10,0.0503
lista,DLL sin cola,Size,100000000,50.6000,51.0000,50,51,5,0.0506
lista,DLL sin cola,TopBack,10,74.1250,74.0000,66,4128,50,0.0741
lista,DLL sin cola,TopBack,100,217.1500,217.0000,216,250,50,0.2172
lista,DLL sin cola,TopBack,1000,1775.7000,1776.0000,1774,1799,50,1.7757
lista,DLL sin cola,TopBack,10000,17723.9250,17511.5000,17388,59725,50,17.7239
lista,DLL sin cola,TopBack,100000,206810.1250,206623.5000,184046,290020,50,206.8101
lista,DLL sin cola,TopBack,1000000,2160901.6250,2159160.0000,2078962,2224535,20,2160.9016
lista,DLL sin cola,TopBack,10000000,58277363.1250,57010328.5000,54539282,70522319,10,58277.3631
lista,DLL sin cola,TopBack,100000000,583622712.0000,583728848.0000,574876396,594092457,5,583622.7120
lista,DLL sin cola,TopFront,10,57.6750,57.0000,52,73,50,0.0577
lista,DLL sin cola,TopFront,100,51.6500,52.0000,51,53,50,0.0517
lista,DLL sin cola,TopFront,1000,50.9000,51.0000,49,53,50,0.0509
lista,DLL sin cola,TopFront,10000,51.8250,52.0000,50,54,50,0.0518
lista,DLL sin cola,TopFront,100000,56.7750,53.5000,51,5527,50,0.0568
lista,DLL sin cola,TopFront,1000000,51.8125,50.0000,49,69,20,0.0518
lista,DLL sin cola,TopFront,10000000,49.5000,49.0000,49,51,10,0.0495
lista,DLL sin cola,TopFront,100000000,49.6000,49.0000,49,51,5,0.0496
lista,SLL con cola,AddAfter,10,49.2500,49.0000,48,296,50,0.0493
lista,SLL con cola,AddAfter,100,49.7750,50.0000,48,52,50,0.0498
lista,SLL con cola,AddAfter,1000,124.5000,125.0000,62,181,50,0.1245
lista,SLL con cola,AddAfter,10000,155.4500,152.0000,119,267,50,0.1554
lista,SLL con cola,AddAfter,100000,690.6250,687.0000,401,5948,50,0.6906
lista,SLL con cola,AddAfter,1000000,714.5000,720.0000,422,1025,20,0.7145
lista,SLL con cola,AddAfter,10000000,3559.2500,3593.0000,3093,4069,10,3.5593
lista,SLL con cola,AddAfter,100000000,3809.2000,3821.0000,3275,4299,5,3.8092
lista,SLL con cola,AddBefore,10,62.7500,63.0000,61,67,50,0.0628
lista,SLL con cola,AddBefore,100,279.5750,279.5000,277,386,50,0.2796
lista,SLL con cola,AddBefore,1000,2776.3000,2722.0000,2503,21240,50,2.7763
lista,SLL con cola,AddBefore,10000,38721.2500,38490.0000,38383,55233,50,38.7212
lista,SLL con cola,AddBefore,100000,443530.1000,440244.0000,399678,527259,50,443.5301
lista,SLL con cola,AddBefore,1000000,4232418.1250,4205749.0000,4134955,4585357,20,4232.4181
lista,SLL con cola,AddBefore,10000000,74281566.1250,74119809.0000,67276484,100024874,10,74281.5661
lista,SLL con cola,AddBefore,100000000,740878261.0000,745546592.0000,717190176,761722957,5,740878.2610
lista,SLL con cola,Empty,10,52.2750,52.0000,50,55,50,0.0523
lista,SLL con cola,Empty,100,52.3250,52.0000,50,54,50,0.0523
lista,SLL con cola,Empty,1000,52.3000,52.0000,50,55,50,0.0523
lista,SLL con cola,Empty,10000,52.3500,52.0000,50,70,50,0.0524
lista,SLL con cola,Empty,100000,51.4500,52.0000,50,55,50,0.0515
lista,SLL con cola,Empty,1000000,42.6250,43.0000,42,43,20,0.0426
lista,SLL con cola,Empty,10000000,49.5000,49.0000,48,52,10,0.0495
lista,SLL con cola,Empty,100000000,53.6000,50.0000,49,70,5,0.0536
lista,SLL con cola,Erase,10,76.3750,76.0000,75,309,50,0.0764
lista,SLL con cola,Erase,100,335.5000,336.0000,333,459,50,0.3355
lista,SLL con cola,Erase,1000,2558.9250,2558.5000,2541,2597,50,2.5589
lista,SLL con cola,Erase,10000,26955.2250,25916.5000,25347,71664,50,26.9552
lista,SLL con cola,Erase,100000,292278.7750,286283.0000,260358,605860,50,292.2788
lista,SLL con cola,Erase,1000000,2987554.7500,2914470.5000,2814631,4959829,20,2987.5547
lista,SLL con cola,Erase,10000000,59234019.8750,59440415.0000,55444705,64092790,10,59234.0199
lista,SLL con cola,Erase,100000000,586795387.6000,587085965.0000,578659663,594154011,5,586795.3876
lista,SLL con cola,Find,10,73.4500,73.0000,72,95,50,0.0735
lista,SLL con cola,Find,100,329.3250,329.0000,325,341,50,0.3293
lista,SLL con cola,Find,1000,2961.6000,2957.0000,2939,15862,50,2.9616
lista,SLL con cola,Find,10000,41231.7500,40642.5000,40221,71854,50,41.2317
lista,SLL con cola,Find,100000,461106.9750,451856.0000,425103,753600,50,461.1070
lista,SLL con cola,Find,1000000,4450402.6250,4447011.5000,4368916,6142689,20,4450.4026
lista,SLL con cola,Find,10000000,71897733.1250,70885305.0000,69355781,86220295,10,71897.7331
lista,SLL con cola,Find,100000000,747845575.0000,744044587.0000,729124338,777878131,5,747845.5750
lista,SLL con cola,PopBack,10,52.0250,52.0000,50,246,50,0.0520
lista,SLL con cola,PopBack,100,207.3000,207.0000,205,245,50,0.2073
lista,SLL con cola,PopBack,1000,1770.4500,1770.0000,1768,4173,50,1.7705
lista,SLL con cola,PopBack,10000,17465.8500,17453.0000,17376,49301,50,17.4658
lista,SLL con cola,PopBack,100000,194861.3250,195388.0000,182289,258062,50,194.8613
lista,SLL con cola,PopBack,1000000,2048717.7500,2042740.5000,2010239,2138587,20,2048.7177
lista,SLL con cola,PopBack,10000000,54402647.7500,54507396.5000,53555247,55088184,10,54402.6477
lista,SLL con cola,PopBack,100000000,559131483.6000,560736613.0000,554706845,562821154,5,559131.4836
lista,SLL con cola,PopFront,10,46.5250,47.0000,45,502,50,0.0465
lista,SLL con cola,PopFront,100,46.1250,46.0000,45,47,50,0.0461
lista,SLL con cola,PopFront,1000,46.0500,46.0000,43,48,50,0.0460
lista,SLL con cola,PopFront,10000,46.1750,46.0000,44,59,50,0.0462
lista,SLL con cola,PopFront,100000,45.9250,46.0000,44,48,50,0.0459
lista,SLL con cola,PopFront,1000000,38.0000,38.0000,37,39,20,0.0380
lista,SLL con cola,PopFront,10000000,45.0000,44.0000,43,9530,10,0.0450
lista,SLL con cola,PopFront,100000000,48.4000,47.0000,46,54,5,0.0484
lista,SLL con cola,PushBack,10,46.2750,46.0000,45,373,50,0.0463
lista,SLL con cola,PushBack,100,45.9500,46.0000,44,47,50,0.0460
lista,SLL con cola,PushBack,1000,46.0250,46.0000,44,167,50,0.0460
lista,SLL con cola,PushBack,10000,78.1500,70.0000,64,119,50,0.0782
lista,SLL con cola,PushBack,100000,312.1750,290.0000,148,802,50,0.3122
lista,SLL con cola,PushBack,1000000,382.9375,357.0000,328,770,20,0.3829
lista,SLL con cola,PushBack,10000000,2930.6250,2967.0000,2518,3692,10,2.9306
lista,SLL con cola,PushBack,100000000,3087.4000,3009.0000,2970,3327,5,3.0874
lista,SLL con cola,PushFront,10,44.3500,44.0000,43,249,50,0.0444
lista,SLL con cola,PushFront,100,44.2250,44.0000,42,78,50,0.0442
lista,SLL con cola,PushFront,1000,44.5000,44.0000,43,173,50,0.0445
lista,SLL con cola,PushFront,10000,92.4000,90.0000,88,369,50,0.0924
lista,SLL con cola,PushFront,100000,44.0750,44.0000,43,66,50,0.0441
lista,SLL con cola,PushFront,1000000,35.4375,35.0000,34,38,20,0.0354
lista,SLL con cola,PushFront,10000000,42.1250,42.0000,41,43,10,0.0421
lista,SLL con cola,PushFront,100000000,41.2000,41.0000,40,42,5,0.0412
lista,SLL con cola,Size,10,53.1750,53.0000,52,336,50,0.0532
lista,SLL con cola,Size,100,53.0000,53.0000,51,55,50,0.0530
lista,SLL con cola,Size,1000,56.6500,56.5000,56,63,50,0.0566
lista,SLL con cola,Size,10000,56.8000,57.0000,55,77,50,0.0568
lista,SLL con cola,Size,100000,52.6000,53.0000,51,71,50,0.0526
lista,SLL con cola,Size,1000000,43.6875,44.0000,42,50,20,0.0437
lista,SLL con cola,Size,10000000,50.3750,50.5000,49,51,10,0.0504
lista,SLL con cola,Size,100000000,54.6000,49.0000,48,77,5,0.0546
lista,SLL con cola,TopBack,10,52.1500,52.0000,51,55,50,0.0522
lista,SLL con cola,TopBack,100,52.0000,52.0000,51,84,50,0.0520
lista,SLL con cola,TopBack,1000,52.3000,52.0000,51,73,50,0.0523
lista,SLL con cola,TopBack,10000,51.9000,52.0000,50,70,50,0.0519
lista,SLL con cola,TopBack,100000,52.1000,52.0000,51,54,50,0.0521
lista,SLL con cola,TopBack,1000000,43.4375,43.5000,42,44,20,0.0434
lista,SLL con cola,TopBack,10000000,50.3750,50.0000,50,51,10,0.0504
lista,SLL con cola,TopBack,100000000,50.2000,50.0000,50,51,5,0.0502
lista,SLL con cola,TopFront,10,51.9500,52.0000,49,70,50,0.0520
lista,SLL con cola,TopFront,100,51.9750,52.0000,50,61,50,0.0520
lista,SLL con cola,TopFront,1000,52.2750,52.0000,50,2916,50,0.0523
lista,SLL con cola,TopFront,10000,52.1250,52.0000,51,54,50,0.0521
lista,SLL con cola,TopFront,100000,51.7500,52.0000,50,53,50,0.0517
lista,SLL con cola,TopFront,1000000,43.1250,43.0000,42,50,20,0.0431
lista,SLL con cola,TopFront,10000000,50.0000,50.0000,48,51,10,0.0500
lista,SLL con cola,TopFront,100000000,51.0000,51.0000,50,53,5,0.0510
lista,SLL sin cola,AddAfter,10,47.8500,48.0000,46,51,50,0.0479
lista,SLL sin cola,AddAfter,100,47.6750,48.0000,46,50,50,0.0477
lista,SLL sin cola,AddAfter,1000,91.2750,96.5000,63,155,50,0.0913
lista,SLL sin cola,AddAfter,10000,162.1250,155.0000,132,455,50,0.1621
lista,SLL sin cola,AddAfter,100000,922.4500,971.5000,474,1295,50,0.9224
lista,SLL sin cola,AddAfter,1000000,2045.0000,2018.0000,1677,13430,20,2.0450
lista,SLL sin cola,AddAfter,10000000,3483.1250,3385.0000,2897,6819,10,3.4831
lista,SLL sin cola,AddAfter,100000000,3527.8000,3572.0000,3004,4007,5,3.5278
lista,SLL sin cola,AddBefore,10,78.7250,78.5000,66,99,50,0.0787
lista,SLL sin cola,AddBefore,100,279.3500,279.0000,278,281,50,0.2794
lista,SLL sin cola,AddBefore,1000,2520.6000,2521.5000,2487,3443,50,2.5206
lista,SLL sin cola,AddBefore,10000,39081.1000,38444.5000,38374,65427,50,39.0811
lista,SLL sin cola,AddBefore,100000,459019.8750,451273.0000,412598,814463,50,459.0199
lista,SLL sin cola,AddBefore,1000000,4185676.1250,4182698.5000,4131710,4286950,20,4185.6761
lista,SLL sin cola,AddBefore,10000000,71635435.3750,71859250.0000,68982012,73276999,10,71635.4354
lista,SLL sin cola,AddBefore,100000000,726060477.8000,724078248.0000,711108098,742077022,5,726060.4778
lista,SLL sin cola,Empty,10,51.1500,51.0000,49,53,50,0.0512
lista,SLL sin cola,Empty,100,52.3250,52.0000,51,53,50,0.0523
lista,SLL sin cola,Empty,1000,52.2750,52.0000,51,53,50,0.0523
lista,SLL sin cola,Empty,10000,52.4000,52.0000,51,73,50,0.0524
lista,SLL sin cola,Empty,100000,52.3250,52.0000,51,54,50,0.0523
lista,SLL sin cola,Empty,1000000,52.0000,52.0000,51,54,20,0.0520
lista,SLL sin cola,Empty,10000000,48.8750,49.0000,48,50,10,0.0489
lista,SLL sin cola,Empty,100000000,64.0000,61.0000,53,86,5,0.0640
lista,SLL sin cola,Erase,10,94.1500,94.0000,76,130,50,0.0942
lista,SLL sin cola,Erase,100,305.7500,306.0000,300,318,50,0.3058
lista,SLL sin cola,Erase,1000,3175.6250,3178.0000,2648,38618,50,3.1756
lista,SLL sin cola,Erase,10000,30767.3500,31181.5000,25937,39522,50,30.7673
lista,SLL sin cola,Erase,100000,469857.9000,467092.5000,413854,540276,50,469.8579
lista,SLL sin cola,Erase,1000000,2928519.1875,2927576.5000,2817730,3907302,20,2928.5192
lista,SLL sin cola,Erase,10000000,62848183.3750,63589163.5000,58646182,66091453,10,62848.1834
lista,SLL sin cola,Erase,100000000,595693934.6000,587885575.0000,577974465,616606812,5,595693.9346
lista,SLL sin cola,Find,10,108.9750,108.5000,77,225,50,0.1090
lista,SLL sin cola,Find,100,327.1250,327.0000,324,352,50,0.3271
lista,SLL sin cola,Find,1000,2950.2000,2948.0000,2931,2982,50,2.9502
lista,SLL sin cola,Find,10000,40528.0000,40329.0000,40150,62196,50,40.5280
lista,SLL sin cola,Find,100000,488767.5250,485925.5000,418256,671903,50,488.7675
lista,SLL sin cola,Find,1000000,4788220.4375,4708566.5000,4420693,5888925,20,4788.2204
lista,SLL sin cola,Find,10000000,73914558.7500,73252353.5000,68975773,84318643,10,73914.5587
lista,SLL sin cola,Find,100000000,724868886.4000,729071175.0000,710228563,739410502,5,724868.8864
lista,SLL sin cola,PopBack,10,58.0500,58.0000,57,77,50,0.0580
lista,SLL sin cola,PopBack,100,244.3000,244.0000,243,280,50,0.2443
lista,SLL sin cola,PopBack,1000,2116.8250,2117.0000,2112,2121,50,2.1168
lista,SLL sin cola,PopBack,10000,20970.2250,20821.5000,20782,336394,50,20.9702
lista,SLL sin cola,PopBack,100000,230992.8000,226390.0000,213045,317119,50,230.9928
lista,SLL sin cola,PopBack,1000000,2399925.5000,2331414.5000,2270536,4126261,20,2399.9255
lista,SLL sin cola,PopBack,10000000,55819366.2500,55715101.0000,54348499,56794316,10,55819.3662
lista,SLL sin cola,PopBack,100000000,585528482.6000,581981318.0000,576687860,603967171,5,585528.4826
lista,SLL sin cola,PopFront,10,46.0500,46.0000,45,53,50,0.0460
lista,SLL sin cola,PopFront,100,45.9000,46.0000,44,47,50,0.0459
lista,SLL sin cola,PopFront,1000,45.7750,46.0000,44,47,50,0.0458
lista,SLL sin cola,PopFront,10000,46.0500,46.0000,44,48,50,0.0460
lista,SLL sin cola,PopFront,100000,46.0750,46.0000,43,47,50,0.0461
lista,SLL sin cola,PopFront,1000000,47.1875,46.5000,45,6046,20,0.0472
lista,SLL sin cola,PopFront,10000000,43.8750,44.0000,42,46,10,0.0439
lista,SLL sin cola,PopFront,100000000,43.4000,43.0000,43,44,5,0.0434
lista,SLL sin cola,PushBack,10,52.4750,52.0000,50,56,50,0.0525
lista,SLL sin cola,PushBack,100,207.4500,207.0000,204,220,50,0.2074
lista,SLL sin cola,PushBack,1000,1782.8000,1783.0000,1780,2033,50,1.7828
lista,SLL sin cola,PushBack,10000,18070.9500,17494.5000,17403,460336,50,18.0709
lista,SLL sin cola,PushBack,100000,206560.7250,198906.5000,182706,328558,50,206.5607
lista,SLL sin cola,PushBack,1000000,2248819.5000,2239245.5000,1998569,5538480,20,2248.8195
lista,SLL sin cola,PushBack,10000000,53751149.8750,53865189.0000,52798731,54631134,10,53751.1499
lista,SLL sin cola,PushBack,100000000,579462055.6000,569573383.0000,563341389,607305952,5,579462.0556
lista,SLL sin cola,PushFront,10,44.1000,44.0000,42,351,50,0.0441
lista,SLL sin cola,PushFront,100,44.0500,44.0000,42,81,50,0.0440
lista,SLL sin cola,PushFront,1000,91.7500,89.0000,87,370,50,0.0917
lista,SLL sin cola,PushFront,10000,93.8750,92.0000,87,215,50,0.0939
lista,SLL sin cola,PushFront,100000,44.0250,44.0000,41,65,50,0.0440
lista,SLL sin cola,PushFront,1000000,42.3750,42.0000,41,43,20,0.0424
lista,SLL sin cola,PushFront,10000000,42.7500,43.0000,42,44,10,0.0428
lista,SLL sin cola,PushFront,100000000,41.0000,41.0000,40,42,5,0.0410
lista,SLL sin cola,Size,10,52.0000,52.0000,51,69,50,0.0520
lista,SLL sin cola,Size,100,52.8750,53.0000,51,69,50,0.0529
lista,SLL sin cola,Size,1000,56.6000,56.0000,55,62,50,0.0566
lista,SLL sin cola,Size,10000,56.1250,56.0000,54,77,50,0.0561
lista,SLL sin cola,Size,100000,53.8750,54.0000,52,60,50,0.0539
lista,SLL sin cola,Size,1000000,54.5625,53.0000,52,3411,20,0.0546
lista,SLL sin cola,Size,10000000,49.8750,50.0000,48,51,10,0.0499
lista,SLL sin cola,Size,100000000,68.4000,68.0000,62,75,5,0.0684
lista,SLL sin cola,TopBack,10,58.8250,59.0000,57,83,50,0.0588
lista,SLL sin cola,TopBack,100,214.7500,215.0000,213,251,50,0.2147
lista,SLL sin cola,TopBack,1000,1800.7250,1776.5000,1773,6237,50,1.8007
lista,SLL sin cola,TopBack,10000,17710.1500,17478.5000,17409,105753,50,17.7102
lista,SLL sin cola,TopBack,100000,210838.8000,206352.5000,191360,456061,50,210.8388
lista,SLL sin cola,TopBack,1000000,2101689.7500,2060713.0000,2013092,2672110,20,2101.6898
lista,SLL sin cola,TopBack,10000000,55604895.6250,55209250.5000,54044728,62275121,10,55604.8956
lista,SLL sin cola,TopBack,100000000,565733784.6000,562521552.0000,547903400,590346845,5,565733.7846
lista,SLL sin cola,TopFront,10,50.9750,51.0000,49,58,50,0.0510
lista,SLL sin cola,TopFront,100,52.0250,52.0000,50,53,50,0.0520
lista,SLL sin cola,TopFront,1000,52.2000,52.0000,51,54,50,0.0522
lista,SLL sin cola,TopFront,10000,52.0500,52.0000,50,54,50,0.0520
lista,SLL sin cola,TopFront,100000,67.6500,68.0000,58,80,50,0.0677
lista,SLL sin cola,TopFront,1000000,51.9375,52.0000,51,53,20,0.0519
lista,SLL sin cola,TopFront,10000000,49.3750,49.0000,49,51,10,0.0494
lista,SLL sin cola,TopFront,100000000,50.2000,50.0000,49,52,5,0.0502
pilacola,ArrayQueue,Delete,10,245.5250,246.0000,242,1167,50,0.2455
pilacola,ArrayQueue,Delete,100,528.1250,493.0000,488,4646,50,0.5281
pilacola,ArrayQueue,Delete,1000,3215.6000,3213.5000,3203,3252,50,3.2156
pilacola,ArrayQueue,Delete,10000,31710.8250,30270.5000,30185,73171,50,31.7108
pilacola,ArrayQueue,Delete,100000,588525.1500,592829.5000,484251,669869,50,588.5252
pilacola,ArrayQueue,Delete,1000000,3507497.5625,3356766.0000,3199019,4115097,20,3507.4976
pilacola,ArrayQueue,Delete,10000000,33238214.2500,33211104.5000,32824932,34409982,10,33238.2142
pilacola,ArrayQueue,Delete,100000000,360588320.2000,344481635.0000,329359197,441788535,5,360588.3202
pilacola,ArrayQueue,Dequeue,10,100.4500,95.0000,91,1435,50,0.1004
pilacola,ArrayQueue,Dequeue,100,45.3250,45.0000,44,165,50,0.0453
pilacola,ArrayQueue,Dequeue,1000,44.8250,45.0000,44,129,50,0.0448
pilacola,ArrayQueue,Dequeue,10000,45.6000,45.0000,43,428,50,0.0456
pilacola,ArrayQueue,Dequeue,100000,51.4500,51.0000,42,188,50,0.0515
pilacola,ArrayQueue,Dequeue,1000000,44.5625,45.0000,42,140,20,0.0446
pilacola,ArrayQueue,Dequeue,10000000,164.1250,80.5000,72,3789,10,0.1641
pilacola,ArrayQueue,Dequeue,100000000,224.4000,76.0000,75,694,5,0.2244
pilacola,ArrayQueue,Enqueue,10,89.9250,89.0000,87,10386,50,0.0899
pilacola,ArrayQueue,Enqueue,100,42.2750,42.0000,40,58,50,0.0423
pilacola,ArrayQueue,Enqueue,1000,42.5250,43.0000,41,58,50,0.0425
pilacola,ArrayQueue,Enqueue,10000,42.5000,42.0000,40,70,50,0.0425
pilacola,ArrayQueue,Enqueue,100000,55.1000,54.0000,43,146,50,0.0551
pilacola,ArrayQueue,Enqueue,1000000,42.4375,42.0000,41,43,20,0.0424
pilacola,ArrayQueue,Enqueue,10000000,44.0000,43.0000,41,63,10,0.0440
pilacola,ArrayQueue,Enqueue,100000000,47.2000,41.0000,39,58,5,0.0472
pilacola,ArrayQueue,Front,10,51.3750,51.0000,50,53,50,0.0514
pilacola,ArrayQueue,Front,100,51.4750,51.0000,49,53,50,0.0515
pilacola,ArrayQueue,Front,1000,51.4000,51.0000,50,55,50,0.0514
pilacola,ArrayQueue,Front,10000,51.8500,52.0000,50,65,50,0.0519
pilacola,ArrayQueue,Front,100000,61.4250,62.0000,50,98,50,0.0614
pilacola,ArrayQueue,Front,1000000,51.5625,52.0000,50,53,20,0.0516
pilacola,ArrayQueue,Front,10000000,126.7500,125.5000,123,165,10,0.1268
pilacola,ArrayQueue,Front,100000000,164.4000,130.0000,118,316,5,0.1644
pilacola,ArrayQueue,IsEmpty,10,143.6500,144.0000,141,981,50,0.1436
pilacola,ArrayQueue,IsEmpty,100,141.0500,141.0000,140,157,50,0.1411
pilacola,ArrayQueue,IsEmpty,1000,141.9750,141.0000,140,169,50,0.1420
pilacola,ArrayQueue,IsEmpty,10000,70.7000,52.0000,51,194832,50,0.0707
pilacola,ArrayQueue,IsEmpty,100000,58.9000,58.5000,53,77,50,0.0589
pilacola,ArrayQueue,IsEmpty,1000000,52.0625,52.0000,51,65,20,0.0521
pilacola,ArrayQueue,IsEmpty,10000000,185.1250,127.0000,122,2403,10,0.1851
pilacola,ArrayQueue,IsEmpty,100000000,51.6000,45.0000,44,80,5,0.0516
pilacola,ArrayQueue,Size,10,146.0250,146.0000,145,644,50,0.1460
pilacola,ArrayQueue,Size,100,144.7750,144.0000,142,210,50,0.1448
pilacola,ArrayQueue,Size,1000,148.0750,148.0000,146,178,50,0.1481
pilacola,ArrayQueue,Size,10000,117.5750,116.0000,113,72786,50,0.1176
pilacola,ArrayQueue,Size,100000,132.8000,131.5000,115,161,50,0.1328
pilacola,ArrayQueue,Size,1000000,114.5625,114.0000,113,135,20,0.1146
pilacola,ArrayQueue,Size,10000000,101.6250,98.0000,95,1158,10,0.1016
pilacola,ArrayQueue,Size,100000000,50.2000,49.0000,47,58,5,0.0502
pilacola,ArrayStack,Delete,10,262.3750,261.0000,239,3910,50,0.2624
pilacola,ArrayStack,Delete,100,629.1250,589.5000,572,15392,50,0.6291
pilacola,ArrayStack,Delete,1000,4363.8000,4432.5000,4198,7248,50,4.3638
pilacola,ArrayStack,Delete,10000,47367.0750,43223.5000,40396,419387,50,47.3671
pilacola,ArrayStack,Delete,100000,471969.9500,437460.5000,405581,2784481,50,471.9700
pilacola,ArrayStack,Delete,1000000,4825899.1875,4801421.5000,4345093,6888762,20,4825.8992
pilacola,ArrayStack,Delete,10000000,46817570.2500,46320518.5000,45810664,49412480,10,46817.5702
pilacola,ArrayStack,Delete,100000000,459724855.0000,454350142.0000,448914393,471591584,5,459724.8550
pilacola,ArrayStack,IsEmpty,10,160.9250,159.0000,144,1566,50,0.1609
pilacola,ArrayStack,IsEmpty,100,140.9250,141.0000,138,143,50,0.1409
pilacola,ArrayStack,IsEmpty,1000,140.8250,141.0000,139,142,50,0.1408
pilacola,ArrayStack,IsEmpty,10000,72.3500,52.0000,51,176573,50,0.0723
pilacola,ArrayStack,IsEmpty,100000,50.9250,51.0000,49,65,50,0.0509
pilacola,ArrayStack,IsEmpty,1000000,122.3125,122.5000,120,124,20,0.1223
pilacola,ArrayStack,IsEmpty,10000000,523.3750,125.5000,70,281863,10,0.5234
pilacola,ArrayStack,IsEmpty,100000000,49.0000,46.0000,44,63,5,0.0490
pilacola,ArrayStack,Peek,10,191.4250,185.5000,164,3698,50,0.1914
pilacola,ArrayStack,Peek,100,161.0250,161.0000,159,171,50,0.1610
pilacola,ArrayStack,Peek,1000,160.3500,160.0000,158,172,50,0.1603
pilacola,ArrayStack,Peek,10000,79.3500,54.0000,53,289200,50,0.0793
pilacola,ArrayStack,Peek,100000,52.5000,52.0000,52,68,50,0.0525
pilacola,ArrayStack,Peek,1000000,143.3125,143.5000,141,160,20,0.1433
pilacola,ArrayStack,Peek,10000000,1472.1250,150.0000,65,718298,10,1.4721
pilacola,ArrayStack,Peek,100000000,65.0000,48.0000,48,129,5,0.0650
pilacola,ArrayStack,Pop,10,108.2500,105.5000,96,1459,50,0.1082
pilacola,ArrayStack,Pop,100,92.9750,93.0000,91,96,50,0.0930
pilacola,ArrayStack,Pop,1000,105.0250,103.5000,92,262,50,0.1050
pilacola,ArrayStack,Pop,10000,56.1500,47.0000,45,184993,50,0.0561
pilacola,ArrayStack,Pop,100000,46.9000,47.0000,45,50,50,0.0469
pilacola,ArrayStack,Pop,1000000,72.8750,73.0000,72,75,20,0.0729
pilacola,ArrayStack,Pop,10000000,1652.7500,94.0000,72,411960,10,1.6527
pilacola,ArrayStack,Pop,100000000,45.2000,44.0000,43,52,5,0.0452
pilacola,ArrayStack,Push,10,89.1500,89.0000,87,6235,50,0.0892
pilacola,ArrayStack,Push,100,42.5750,43.0000,41,44,50,0.0426
pilacola,ArrayStack,Push,1000,43.1500,43.0000,41,45,50,0.0432
pilacola,ArrayStack,Push,10000,43.2250,43.0000,42,225,50,0.0432
pilacola,ArrayStack,Push,100000,42.9750,43.0000,41,44,50,0.0430
pilacola,ArrayStack,Push,1000000,66.8750,66.5000,64,70,20,0.0669
pilacola,ArrayStack,Push,10000000,65.1250,65.0000,63,67,10,0.0651
pilacola,ArrayStack,Push,100000000,79.2000,67.0000,64,132,5,0.0792
pilacola,ArrayStack,Size,10,166.8250,162.5000,145,1448,50,0.1668
pilacola,ArrayStack,Size,100,140.9250,141.0000,139,144,50,0.1409
pilacola,ArrayStack,Size,1000,142.9250,143.0000,141,1815,50,0.1429
pilacola,ArrayStack,Size,10000,66.9000,53.0000,51,111815,50,0.0669
pilacola,ArrayStack,Size,100000,51.9000,52.0000,50,64,50,0.0519
pilacola,ArrayStack,Size,1000000,95.3750,95.0000,94,103,20,0.0954
pilacola,ArrayStack,Size,10000000,412.7500,98.5000,55,213079,10,0.4128
pilacola,ArrayStack,Size,100000000,51.6000,48.0000,47,59,5,0.0516
